{"cameraMode":{"drawMode":0,"name":"Shaded","section":"Shading Mode"},"sceneLighting":true,"audioPlay":false,"sceneViewState":{"showFog":true,"showMaterialUpdate":false,"showSkybox":true,"showFlares":true,"showImageEffects":true,"showParticleSystems":true},"in2DMode":false,"pivot":{"x":3.5244994163513185,"y":0.9884836077690125,"z":-3.2113072872161867},"rotation":{"x":0.020886480808258058,"y":0.9753318428993225,"z":-0.10574757307767868,"w":0.19263723492622376},"size":4.203305721282959,"orthographic":true}